{
  "BLEU": 10.67926319915041,
  "chrF++": 8.646908955950993,
  "TER": 102.49508543777408,
  "METEOR": 21.552727177899555,
  "BERTScore_F1": 73.0912446975708,
  "COMET": 62.18419823539575,
  "diagnostics": {
    "length_ratio_chars": 0.8116887303361128,
    "unk_rate_pct": 0.03233629749393695,
    "bleu_by_length": {
      "short(<=5w)": null,
      "medium(6-12w)": {
        "n": 4492,
        "BLEU": 11.584368116953929
      },
      "long(>12w)": {
        "n": 7878,
        "BLEU": 10.203792135501105
      }
    }
  }
}