{
  "BLEU": 6.22634329581607,
  "chrF++": 6.218959386968818,
  "TER": 101.77680326629365,
  "METEOR": 16.393722354811686,
  "BERTScore_F1": 69.6906566619873,
  "COMET": 54.17658485574594,
  "diagnostics": {
    "length_ratio_chars": 0.7119473337344909,
    "unk_rate_pct": 0.0,
    "bleu_by_length": {
      "short(<=5w)": null,
      "medium(6-12w)": {
        "n": 4492,
        "BLEU": 6.751048476534295
      },
      "long(>12w)": {
        "n": 7878,
        "BLEU": 5.945495071479544
      }
    }
  }
}