{
  "BLEU": 9.779229824666833,
  "chrF++": 8.239239553009718,
  "TER": 104.37774081354907,
  "METEOR": 20.017489694899755,
  "BERTScore_F1": 72.8053331375122,
  "COMET": 61.040663516439544,
  "diagnostics": {
    "length_ratio_chars": 0.7335561190865068,
    "unk_rate_pct": 0.024252223120452707,
    "bleu_by_length": {
      "short(<=5w)": null,
      "medium(6-12w)": {
        "n": 4492,
        "BLEU": 10.567691550972723
      },
      "long(>12w)": {
        "n": 7878,
        "BLEU": 9.357709355066701
      }
    }
  }
}